{
  "roc_auc": 1.0,
  "brier_score": 0.20410293369924595,
  "n_samples": 18,
  "n_features": 28,
  "positive_rate": 0.8333333333333334,
  "feature_importance": {
    "total_transactions": 0.3104286022511638,
    "total_amount": 0.14169912289305353,
    "avg_transaction_amount": 0.09246150310202683,
    "median_transaction_amount": 0.08137004728103464,
    "std_transaction_amount": 0.1525240263499372,
    "max_transaction_amount": 0.2031188951799806,
    "min_transaction_amount": 0.20668856021198903,
    "avg_monthly_transactions": 0.3104286022511638,
    "std_monthly_transactions": 0.24411887664517862,
    "avg_monthly_amount": 0.14169912289305348,
    "std_monthly_amount": 0.25127238979159183,
    "unique_categories": 0.2332562931988388,
    "unique_merchants": 0.10639103422039699,
    "unique_locations": 0.0004623770800406275,
    "weekend_transaction_ratio": 0.31557061075218057,
    "outlier_ratio": 0.3037462624299477,
    "mobile_usage_ratio": 0.5218815314015232,
    "transactions_last_30_days": 0.3200839219683324,
    "amount_last_30_days": 0.0981424827822616,
    "transaction_consistency": 0.09276898255896272,
    "amount_consistency": 0.2700485520470062,
    "volatility_ratio": 0.2673047906879434,
    "activity_score": 0.8184988119342367,
    "diversity_score": 0.23325629319883878,
    "location_stability": 0.006804087347891722,
    "recent_activity_ratio": 0.04849442896713768,
    "high_value_transaction_ratio": 0.38091203673641627,
    "amount_range_ratio": 0.2624455034683709
  }
}